src	desc	lat	lon	name	cmt	NULL
786	Lee Valley VeloPark, Queen Elizabeth Olympic Park	51.549369	-0.015717614	1.LVV	E01.01	NULL
812	Here East North, Queen Elizabeth Olympic Park	51.54873119	-0.022606555	2.HEN	E01.02	NULL
816	Here East South, Queen Elizabeth Olympic Park	51.54653279	-0.02059759	3.HES	E01.03	NULL
788	Copper Box Arena, Queen Elizabeth Olympic Park	51.544909	-0.0205426	4.CBA	E01.04	NULL
787	Timber Lodge, Queen Elizabeth Olympic Park	51.546805	-0.01469126	5.TL	E01.05	NULL
784	East Village, Queen Elizabeth Olympic Park	51.546326	-0.00993526	6.EV	E01.06	NULL
790	Stratford Station, Stratford	51.541793	-0.00481	7.SS	E01.07	NULL
785	Aquatic Centre, Queen Elizabeth Olympic Park	51.54094	-0.010510565	8.AC	E01.08	NULL
789	Podium, Queen Elizabeth Olympic Park	51.538718	-0.011889482	9.P	E01.09	NULL
783	Monier Road, Hackney Wick	51.5403115	-0.021630359	10.MR	E01.10	NULL
692	Cadogan Close, Victoria Park	51.54211855	-0.028941601	11.CC	E01.11	NULL
474	Gascoyne Road, Victoria Park	51.541515	-0.038557746	12.GR	E01.12	NULL
719	Victoria Park Road, Hackney Central	51.53642464	-0.054162264	13.VPR	E01.13	NULL
502	Bonner Gate, Victoria Park	51.53341	-0.049591815	14.BG	E01.14	NULL
485	Old Ford Road, Bethnal Green	51.531127	-0.048017	15.OFR	E01.15	NULL
577	Globe Town Market, Bethnal Green	51.528869	-0.047548	16.GTM	E02.01	NULL
531	Twig Folly Bridge, Mile End	51.530326	-0.042744	17.TFB	E02.02	NULL
521	Driffield Road, Old Ford	51.534137	-0.037366	18.DR	E02.03	NULL
459	Gunmakers Lane, Old Ford	51.535179	-0.03338	19.GL	E02.04	NULL
721	Wendon Street, Old Ford	51.53603947	-0.026262677	20.WS	E02.05	NULL
471	Hewison Street, Old Ford	51.533283	-0.028155	21.HS	E02.06	NULL
517	Ford Road, Old Ford	51.532513	-0.033085	22.FR	E02.07	NULL
472	Malmesbury Road, Bow	51.529452	-0.027616	23.MR	E02.08	NULL
470	Mostyn Grove, Bow	51.530535	-0.025492	24.MG	E02.09	NULL
496	Devons Road, Bow	51.52512	-0.015578	25.DR	E02.10	NULL
484	Bromley High Street, Bow	51.528828	-0.013258	26.BHS	E02.11	NULL
495	Bow Church Station, Bow	51.528169	-0.018703	27.BCS	E02.12	NULL
498	Bow Road Station, Bow	51.527058	-0.025296	28.BRS	E02.13	NULL
497	Merchant Street, Bow	51.526578	-0.027581	29.MS	E02.14	NULL
492	Maplin Street, Mile End	51.525501	-0.032267204	30.MS	E02.15	NULL
467	Southern Grove, Bow	51.523538	-0.030556	31.SG	E02.16	NULL
505	Ackroyd Drive, Bow	51.520398	-0.026768	32.AD	E02.17	NULL
499	Furze Green, Bow	51.519265	-0.021345	33.FG	E02.18	NULL
468	Cantrell Road, Bow	51.521564	-0.022694	34.CR	E02.19	NULL
519	Teviot Street, Poplar	51.518811	-0.011662	35.TS	E02.20	NULL
523	Langdon Park, Poplar	51.51549	-0.013475	36.LP	E03.01	NULL
554	Aberfeldy Street, Poplar	51.513548	-0.005659	37.AS	E03.02	NULL
547	East India DLR, Blackwall	51.509474	-0.002275	38.EID	E03.03	NULL
538	Naval Row, Blackwall	51.508981	-0.00699	39.NR	E03.04	NULL
526	Lancaster Drive, Blackwall	51.503143	-0.008428	40.LD	E03.05	NULL
563	Preston's Road, Cubitt Town	51.499286	-0.009152	41.PR	E03.06	NULL
504	St. John's Park, Cubitt Town	51.496454	-0.009506	42.SJP	E03.07	NULL
447	Jubilee Crescent, Cubitt Town	51.493381	-0.007542	43.JC	E03.08	NULL
476	Stebondale Street, Cubitt Town	51.489096	-0.009205	44.SS	E03.09	NULL
481	Saunders Ness Road, Cubitt Town	51.487129	-0.0090011	45.SNR	E03.10	NULL
454	Napier Avenue, Millwall	51.487679	-0.021582	46.NA	E03.11	NULL
477	Spindrift Avenue, Millwall	51.49109	-0.018716	47.SA	E03.12	NULL
586	Mudchute DLR, Cubitt Town	51.490645	-0.014582	48.MD	E03.13	NULL
455	East Ferry Road, Cubitt Town	51.49447	-0.014409	49.EFR	E03.14	NULL
473	Millharbour, Millwall	51.496137	-0.019355	50.M	E03.15	NULL
576	Alpha Grove, Millwall	51.497304	-0.022793	51.AG	E03.16	NULL
475	Lightermans Road, Millwall	51.499041	-0.020157	52.LR	E03.17	NULL
556	Heron Quays DLR, Canary Wharf	51.502661	-0.021596	53.HQD	E04.01	NULL
532	Jubilee Plaza, Canary Wharf	51.50357	-0.020068	54.JP	E04.02	NULL
570	Upper Bank Street, Canary Wharf	51.503083	-0.017676	55.UBS	E04.03	NULL
494	South Quay East, Canary Wharf	51.50196	-0.016251	56.SQE	E04.04	NULL
551	Import Dock, Canary Wharf	51.505772	-0.016460175	57.ID	E04.05	NULL
448	Fisherman's Walk West, Canary Wharf	51.50623	-0.02296	58.FWW	E04.06	NULL
811	Westferry Circus, Canary Wharf	51.50570304	-0.027772743	59.WC	E04.07	NULL
510	Westferry DLR, Limehouse	51.509303	-0.025996	60.WD	E04.08	NULL
530	Newby Place, Poplar	51.508896	-0.012413	61.NP	E04.09	NULL
516	Chrisp Street Market, Poplar	51.5112	-0.014438	62.CSM	E04.10	NULL
469	Lindfield Street, Poplar	51.513757	-0.020467	63.LS	E04.11	NULL
716	Stainsby Road , Poplar	51.51542791	-0.02356501	64.SR	E04.12	NULL
487	Canton Street, Poplar	51.511811	-0.025626	65.CS	E04.13	NULL
460	Burdett Road, Mile End	51.516196	-0.029138	66.BR	E04.14	NULL
542	Salmon Lane, Limehouse	51.514115	-0.033828	67.SL	E04.15	NULL
480	Flamborough Street, Limehouse	51.5128711	-0.0389866	68.FS	E04.16	NULL
461	Aston Street, Stepney	51.516	-0.038775	69.AS	E04.17	NULL
712	Mile End Stadium, Mile End	51.51854104	-0.034903714	70.MES	E04.18	NULL
763	Mile End Park Leisure Centre, Mile End	51.52059714	-0.032566533	71.MEPLC	E04.19	NULL
522	Clinton Road, Mile End	51.525941	-0.036017	72.CR	E04.20	NULL
518	Antill Road, Mile End	51.528224	-0.037471	73.AR	E05.01	NULL
520	Bancroft Road, Bethnal Green	51.526041	-0.047218	74.BR	E05.02	NULL
501	Cephas Street, Bethnal Green	51.522561	-0.054883	75.CS	E05.03	NULL
444	Bethnal Green Garden, Bethnal Green	51.52568	-0.055312	76.BGG	E05.04	NULL
479	Pott Street, Bethnal Green	51.527152	-0.058005	77.PS	E05.05	NULL
722	Finnis Street, Bethnal Green	51.52458353	-0.058631453	78.FS	E05.06	NULL
507	Clarkson Street, Bethnal Green	51.528692	-0.059091	79.CS	E05.07	NULL
578	Hollybush Gardens, Bethnal Green	51.527607	-0.057133	80.HG	E05.08	NULL
446	York Hall, Bethnal Green	51.528936	-0.055894	81.YH	E05.09	NULL
512	Pritchard's Road, Bethnal Green	51.532091	-0.06142	82.PR	E05.10	NULL
553	Regent's Row , Haggerston	51.535678	-0.062546	83.RR	E05.11	NULL
718	Ada Street, Hackney Central	51.53571683	-0.060291813	84.AS	E05.12	NULL
614	London Fields, Hackney Central	51.54119	-0.058826101	85.LF	E05.13	NULL
21	Lansdowne Drive, Hackney Central	51.539834	-0.062806212	86.LD	E05.14	NULL
698	Shoreditch Court, Haggerston	51.53908372	-0.070329419	87.SC	E05.15	NULL
749	Haggerston Road, Haggerston	51.53932857	-0.074284675	88.HR	E05.16	NULL
699	Belford House, Haggerston	51.5366541	-0.07023031	89.BH	E05.17	NULL
536	Queensbridge Road, Haggerston	51.53385	-0.06992	90.QR	E05.18	NULL
534	Goldsmith's Row, Haggerston	51.531864	-0.066035	91.GR	E05.19	NULL
702	Durant Street, Bethnal Green	51.52868155	-0.065550321	92.DS	E05.20	NULL
533	Wellington Row, Bethnal Green	51.528222	-0.069743	93.WR	E05.21	NULL
486	Granby Street, Shoreditch	51.525645	-0.069543	94.GS	E06.01	NULL
132	Bethnal Green Road, Shoreditch	51.52364804	-0.074754872	95.BGR	E06.02	NULL
40	Commercial Street, Shoreditch	51.52127071	-0.0755789	96.CS	E06.03	NULL
508	Fournier Street, Whitechapel	51.519362	-0.074431	97.FS	E06.04	NULL
236	Fashion Street, Whitechapel	51.51838043	-0.073438925	98.FS	E06.05	NULL
537	Old Montague Street, Whitechapel	51.51793	-0.067937	99.OMS	E06.06	NULL
390	Buxton Street 1, Shoreditch	51.521776	-0.068856	100.BS1	E06.07	NULL
399	Brick Lane Market, Shoreditch	51.52261762	-0.071653961	101.BLM	E06.08	NULL
445	Cheshire Street, Bethnal Green	51.52388	-0.065076	102.CS	E06.09	NULL
565	Selby Street, Whitechapel	51.521905	-0.063386	103.SS	E06.10	NULL
503	Cleveland Way, Stepney	51.520893	-0.051394	104.CW	E06.11	NULL
478	Stepney Green Station, Stepney	51.521889	-0.04667	105.SGS	E06.12	NULL
561	Rectory Square, Stepney	51.518369	-0.043371	106.RS	E06.13	NULL
550	Harford Street, Mile End	51.521564	-0.039264	107.HS	E06.14	NULL
491	Queen Mary's, Mile End	51.522507	-0.041378	108.QM	E06.15	NULL
500	Ansell House, Stepney	51.520019	-0.05438	109.AH	E06.16	NULL
282	Royal London Hospital, Whitechapel	51.518675	-0.06111	110.RLH	E06.17	NULL
206	New Road 1 , Whitechapel	51.518154	-0.062697	111.NR1	E06.18	NULL
443	Philpot Street, Whitechapel	51.515256	-0.058641	112.PS	E06.19	NULL
450	Jubilee Street, Stepney	51.515975	-0.053177	113.JS	E06.20	NULL
464	St. Mary &amp; St. Michael Church, Stepney	51.51417	-0.052099	114.SMSMC	E07.01	NULL
715	Aylward Street, Stepney	51.51563007	-0.049067243	115.AS	E07.02	NULL
483	Albert Gardens, Stepney	51.51328	-0.047784	116.AG	E07.03	NULL
513	Watney Market, Stepney	51.5142228	-0.055656	117.WM	E07.04	NULL
511	Sutton Street, Shadwell	51.511066	-0.053558	118.SS	E07.05	NULL
552	Watney Street, Shadwell	51.511542	-0.056667	119.WS	E07.06	NULL
449	Shadwell Station, Shadwell	51.511088	-0.057159	120.SS	E07.07	NULL
453	Garnet Street, Shadwell	51.508447	-0.055167	121.GS	E07.08	NULL
458	Wapping Lane, Wapping	51.504749	-0.057544	122.WL	E07.09	NULL
488	Reardon Street, Wapping	51.506946	-0.058681	123.RS	E07.10	NULL
451	Hermitage Court, Wapping	51.504719	-0.063531	124.HC	E07.11	NULL
134	Wapping High Street, Wapping	51.504904	-0.06797	125.WHS	E07.12	NULL
452	St. Katharine's Way, Tower	51.505697	-0.070542	126.SKW	E07.13	NULL
46	Nesham Street, Wapping	51.507131	-0.06691	127.NS	E07.14	NULL
490	Pennington Street, Wapping	51.508622	-0.065006	128.PS	E07.15	NULL
237	Dock Street, Wapping	51.50978602	-0.068161981	129.DS	E07.16	NULL
202	Leman Street, Aldgate	51.51236389	-0.06954201	130.LS	E07.17	NULL
200	LMU Commercial Road, Whitechapel	51.51492456	-0.066078037	131.LCR	E07.18	NULL
115	Braham Street, Aldgate	51.51423368	-0.073537654	132.BS	E07.19	NULL
263	St. Mary Axe, Aldgate	51.51422502	-0.080660083	133.SMA	E07.20	NULL
779	Houndsditch, Aldgate	51.514449	-0.077178979	134.H	E07.21	NULL
102	Jewry Street, Aldgate	51.51340693	-0.076793375	135.JS	E07.22	NULL
104	Crosswall, Tower	51.51159481	-0.077121322	136.C	E07.23	NULL
130	Tower Gardens , Tower	51.50950627	-0.075459482	137.TG	E07.24	NULL
199	Great Tower Street, Monument	51.51048489	-0.082989638	138.GTS	E07.25	NULL
587	Monument Street, Monument	51.50964	-0.08497	139.MS	E07.26	NULL
276	Lower Thames Street, Monument	51.50930161	-0.084985356	140.LTS	E08.01	NULL
579	Queen Street 2, Bank	51.511246	-0.093051	141.QS2	E08.02	NULL
101	Queen Street 1, Bank	51.51155322	-0.0929401	142.QS1	E08.03	NULL
136	Queen Victoria Street, St. Paul's	51.51196176	-0.097441687	143.QVS	E08.04	NULL
48	Godliman Street, St. Paul's	51.51248445	-0.099141408	144.GS	E08.05	NULL
659	Blackfriars Station, St. Paul's	51.511934	-0.10307894	145.BS	E08.06	NULL
773	Tallis Street, Temple	51.511891	-0.107349	146.TS	E08.07	NULL
27	Bouverie Street, Temple	51.51382102	-0.107927706	147.BS	E08.08	NULL
82	Chancery Lane, Holborn	51.514274	-0.111257	148.CL	E08.09	NULL
232	Carey Street, Holborn	51.51501025	-0.112753217	149.CS	E08.10	NULL
84	Breams Buildings, Holborn	51.51593725	-0.111778348	150.BB	E08.11	NULL
66	Holborn Circus, Holborn	51.51795029	-0.108657431	151.HC	E08.12	NULL
67	Hatton Garden, Holborn	51.51882555	-0.108028472	152.HG	E08.13	NULL
546	New Fetter Lane, Holborn	51.517428	-0.107987	153.NFL	E08.14	NULL
703	St. Bride Street, Holborn	51.51505991	-0.10534448	154.SBS	E08.15	NULL
112	Stonecutter Street, Holborn	51.51580998	-0.105270275	155.SS	E08.16	NULL
835	Farringdon Street, Holborn	51.516785	-0.10494775	156.FS	E08.17	NULL
393	Snow Hill, Farringdon	51.51733427	-0.103604248	157.SH	E08.18	NULL
203	West Smithfield Rotunda, Farringdon	51.51821864	-0.100791005	158.WSR	E08.19	NULL
126	Museum of London, Barbican	51.51782144	-0.096496865	159.MoL	E08.20	NULL
71	Newgate Street , St. Paul's	51.5154186	-0.098850915	160.NS	E08.21	NULL
557	King Edward Street, St Pauls	51.51601	-0.0985	161.KES	E08.22	NULL
427	Cheapside, Bank	51.51397065	-0.09294031	162.C	E08.23	NULL
340	Bank of England Museum, Bank	51.51444134	-0.087587447	163.BoEM	E08.24	NULL
120	The Guildhall, Guildhall	51.51573534	-0.093080779	164.TG	E08.25	NULL
127	Wood Street, Guildhall	51.51700801	-0.09388536	165.WS	E08.26	NULL
838	Fore Street Avenue, Guildhall	51.518093	-0.0914017	166.FSA	E08.27	NULL
509	Fore Street, Guildhall	51.517842	-0.090075	167.FS	E08.28	NULL
55	Finsbury Circus, Liverpool Street	51.51707521	-0.086685542	168.FC	E08.29	NULL
217	Wormwood Street, Liverpool Street	51.51615461	-0.082422399	169.WS	E08.30	NULL
87	Devonshire Square, Liverpool Street	51.51646835	-0.079684557	170.DS	E08.31	NULL
506	Bell Lane, Liverpool Street	51.517475	-0.075855	171.BL	E08.32	NULL
251	Brushfield Street, Liverpool Street	51.518908	-0.079249	172.BS	E08.33	NULL
122	Norton Folgate, Liverpool Street	51.52111369	-0.078869751	173.NF	E08.34	NULL
175	Worship Street, Shoreditch	51.521668	-0.079608554	174.WS	E08.35	NULL
408	Sun Street, Liverpool Street	51.520009	-0.083935724	175.SS	E08.36	NULL
140	Finsbury Square , Moorgate	51.52096262	-0.085634242	176.FS	E09.01	NULL
3	Christopher Street, Liverpool Street	51.52128377	-0.084605692	177.CS	E09.02	NULL
41	Pindar Street, Liverpool Street	51.520955	-0.083493552	178.PS	E09.03	NULL
323	Clifton Street, Shoreditch	51.523196	-0.083067	179.CS	E09.04	NULL
32	Leonard Circus , Shoreditch	51.52469624	-0.084439283	180.LC	E09.05	NULL
58	New Inn Yard, Shoreditch	51.52452699	-0.079248081	181.NIY	E09.06	NULL
39	Shoreditch High Street, Shoreditch	51.5263778	-0.078130921	182.SHS	E09.07	NULL
322	Palissy Street, Shoreditch	51.526293	-0.073955	183.PS	E09.08	NULL
401	Columbia Road, Shoreditch	51.528187	-0.075375	184.CR	E09.09	NULL
539	Hoxton Station, Hoxton	51.531091	-0.075901	185.HS	E09.10	NULL
96	Falkirk Street, Hoxton	51.53095071	-0.078505384	186.FS	E09.11	NULL
588	Hoxton Street, Hoxton	51.52959	-0.0801	187.HS	E09.12	NULL
31	Fanshaw Street, Hoxton	51.52953709	-0.083353323	188.FS	E09.13	NULL
569	Pitfield Street Central, Hoxton	51.53213	-0.08299	189.PSC	E09.14	NULL
466	Whiston Road, Haggerston	51.534464	-0.076341	190.WR	E09.15	NULL
463	Thurtle Road, Haggerston	51.534776	-0.071881	191.TR	E09.16	NULL
717	Dunston Road , Haggerston	51.53658514	-0.075885686	192.DR	E09.17	NULL
748	Hertford Road, De Beauvoir Town	51.53727795	-0.079201849	193.HR	E09.18	NULL
465	Pitfield Street North,Hoxton	51.53558	-0.08249	194.PSN	E09.19	NULL
253	Shoreditch Park, Hoxton	51.53404294	-0.086379717	195.SP	E09.20	NULL
574	Eagle Wharf Road, Hoxton	51.53356	-0.09315	196.EWR	E09.21	NULL
42	Wenlock Road , Hoxton	51.53099181	-0.093903825	197.WR	E09.22	NULL
30	Windsor Terrace, Hoxton	51.52915444	-0.093421615	198.WT	E09.23	NULL
63	Murray Grove , Hoxton	51.53089041	-0.089782579	199.MG	E09.24	NULL
327	New North Road 1, Hoxton	51.53095	-0.085603	200.NNR1	E09.25	NULL
328	New North Road 2, Hoxton	51.53114	-0.086016	201.NNR2	E09.26	NULL
50	East Road, Hoxton	51.52867339	-0.087459376	202.ER	E09.27	NULL
319	Baldwin Street, St. Luke's	51.52702563	-0.088542771	203.BS	E09.28	NULL
119	Bath Street, St. Luke's	51.52589324	-0.090847761	204.BS	E10.01	NULL
73	Old Street Station, St. Luke's	51.52548	-0.089659871	205.OSS	E10.02	NULL
331	Bunhill Row, Moorgate	51.52085887	-0.089887855	206.BR	E10.03	NULL
215	Moorfields, Moorgate	51.51906932	-0.088285377	207.M	E10.04	NULL
275	Barbican Centre, Barbican	51.52004497	-0.092176447	208.BC	E10.05	NULL
54	Golden Lane, Barbican	51.52174785	-0.094475072	209.GL	E10.06	NULL
52	Roscoe Street, St. Luke's	51.52295439	-0.094934859	210.RS	E10.07	NULL
95	Aldersgate Street, Barbican	51.5208417	-0.097340162	211.AS	E10.08	NULL
246	Berry Street, Clerkenwell	51.52285301	-0.099994052	212.BS	E10.09	NULL
78	Sadlers Sports Centre, Finsbury	51.52486887	-0.099489485	213.SSC	E10.10	NULL
107	Finsbury Leisure Centre, St. Luke's	51.52600832	-0.096317627	214.FLC	E10.11	NULL
351	Macclesfield Rd, St Lukes	51.529423	-0.097122	215.MR	E10.12	NULL
365	City Road, Angel	51.530344	-0.100168	216.CR	E10.13	NULL
344	Goswell Road (City Uni), Finsbury	51.528246	-0.10102611	217.GRCU	E10.14	NULL
123	St. John Street, Finsbury	51.52836014	-0.104724625	218.SJS	E10.15	NULL
51	Finsbury Library , Finsbury	51.52671796	-0.104298194	219.FL	E10.16	NULL
544	Percival Street, Finsbury	51.526153	-0.102208	220.PS	E10.17	NULL
135	Clerkenwell Green, Clerkenwell	51.52326004	-0.104708922	221.CG	E10.18	NULL
72	Farringdon Lane, Clerkenwell	51.52352001	-0.108340165	222.FL	E10.19	NULL
17	Hatton Wall, Holborn	51.5216612	-0.109006325	223.HW	E10.20	NULL
22	Northington Street , Holborn	51.5222641	-0.114079481	224.NS	E10.21	NULL
433	Wren Street, Holborn	51.524564	-0.116279	225.WS	E10.22	NULL
204	Margery Street, Clerkenwell	51.52659961	-0.112432615	226.MS	E10.23	NULL
264	Tysoe Street, Clerkenwell	51.52644342	-0.109256828	227.TS	E10.24	NULL
170	Hardwick Street, Clerkenwell	51.52784273	-0.108068155	228.HS	E10.25	NULL
1	River Street , Clerkenwell	51.52916347	-0.109970527	229.RS	E10.26	NULL
254	Chadwell Street, Angel	51.53051587	-0.106408455	230.CS	E10.27	NULL
189	Claremont Square, Angel	51.53166681	-0.109914711	231.CS	E11.01	NULL
339	Risinghill Street, Angel	51.5333196	-0.1117812	232.RS	E11.02	NULL
93	Cloudesley Road, Angel	51.53440868	-0.109025404	233.CR	E11.03	NULL
234	Liverpool Road (N1 Centre), Angel	51.53450449	-0.106992706	234.LRNC	E11.04	NULL
75	Torrens Street, Angel	51.53219984	-0.105480698	235.TS	E11.05	NULL
326	Graham Street, Angel	51.53266186	-0.099981142	236.GS	E11.06	NULL
695	Islington Green, Angel	51.53638435	-0.102757578	237.IG	E11.07	NULL
697	Charlotte Terrace, Angel	51.53639219	-0.112721065	238.CT	E11.08	NULL
674	Carnegie Street, King's Cross	51.53546778	-0.11619105	239.CS	E11.09	NULL
836	York Way, Kings Cross	51.541596	-0.12544145	240.YW	E11.10	NULL
806	Handyside Street, King's Cross	51.53724056	-0.124807386	241.HS	E11.11	NULL
34	Pancras Road, King's Cross	51.5341235	-0.129386874	242.PR	E11.12	NULL
804	Good's Way, King's Cross	51.53466774	-0.125078653	243.GW	E11.13	NULL
431	Crinan Street, King's Cross	51.534474	-0.122203	244.CS	E11.14	NULL
439	Killick Street, King's Cross	51.5338	-0.118677	245.KS	E11.15	NULL
593	Northdown Street, King's Cross	51.531066	-0.11934	246.NS	E11.16	NULL
70	Calshot Street , King's Cross	51.53136059	-0.117069978	247.CS	E11.17	NULL
227	Great Percy Street, Clerkenwell	51.52891573	-0.115480888	248.GPS	E11.18	NULL
26	Ampton Street , Clerkenwell	51.52728093	-0.11829517	249.AS	E11.19	NULL
793	Cromer Street, Bloomsbury	51.528279	-0.11955857	250.CS	E11.20	NULL
4	St. Chad's Street, King's Cross	51.53005939	-0.120973687	251.SCS	E11.21	NULL
798	Birkenhead Street, King's Cross	51.53019988	-0.122299441	252.BS	E11.22	NULL
14	Belgrove Street , King's Cross	51.52994371	-0.123616824	253.BS	E11.23	NULL
797	Ossulston Street, Somers Town	51.5293	-0.12827903	254.OS	E12.01	NULL
16	Cartwright Gardens , Bloomsbury	51.52635795	-0.125979294	255.CG	E12.02	NULL
89	Tavistock Place, Bloomsbury	51.5262503	-0.123509611	256.TP	E12.03	NULL
796	Coram Street, Bloomsbury	51.524	-0.12640984	257.CS	E12.04	NULL
77	Russell Square Station, Bloomsbury	51.52341837	-0.124121774	258.RSS	E12.05	NULL
11	Brunswick Square, Bloomsbury	51.52395143	-0.122502346	259.BS	E12.06	NULL
57	Guilford Street , Bloomsbury	51.52334672	-0.120202614	260.GS	E12.07	NULL
68	Theobald's Road , Holborn	51.52059681	-0.116688468	261.TR	E12.08	NULL
23	Red Lion Square, Holborn	51.51943538	-0.119123345	262.RLS	E12.09	NULL
436	Red Lion Street, Holborn	51.51824	-0.11655	263.RLS	E12.10	NULL
809	Lincoln's Inn Fields, Holborn	51.51627788	-0.118272992	264.LIF	E12.11	NULL
372	Sardinia Street, Holborn	51.515208	-0.117863	265.SS	E12.12	NULL
147	Portugal Street, Holborn	51.51494305	-0.11614642	266.PS	E12.13	NULL
100256	Houghton Street, Strand	51.5136205	-0.1167642	FIN.HS	E12.14	NULL
844	Canada Water Station, Rotherhithe	51.498439	-0.049150215	1.CWS	S01.01	NULL
411	Rotherhithe Roundabout, Rotherhithe	51.499169	-0.055846029	2.RR	S01.02	NULL
845	Bermondsey Station, Bermondsey	51.497995	-0.063471392	3.BS	S01.03	NULL
840	George Row, Bermondsey	51.498585	-0.068981764	4.GR	S01.04	NULL
841	Tower Wharf, Bermondsey	51.500845	-0.074704305	5.TW	S01.05	NULL
298	Curlew Street, Shad Thames	51.50227992	-0.074189225	6.CS	S01.06	NULL
278	Tooley Street, Bermondsey	51.5034938	-0.07962099	7.TS	S01.07	NULL
706	Snowsfields, London Bridge	51.50215353	-0.083632928	8.S	S01.08	NULL
314	Tyers Gate, Bermondsey	51.50088934	-0.083159352	9.TG	S01.09	NULL
85	Tanner Street, Bermondsey	51.50064702	-0.078600401	10.TS	S01.10	NULL
321	Bermondsey Street, Bermondsey	51.49785559	-0.081608045	11.BS	S01.11	NULL
308	Long Lane , Bermondsey	51.49907558	-0.085666316	12.LL	S01.12	NULL
269	Empire Square, The Borough	51.50082346	-0.089740764	13.ES	S01.13	NULL
295	Swan Street, The Borough	51.50029631	-0.092762704	14.SS	S01.14	NULL
125	Borough High Street, The Borough	51.50069491	-0.094524319	15.BHS	S01.15	NULL
249	Harper Road, The Borough	51.49859784	-0.096191134	16.HR	S01.16	NULL
317	Dickens Square, Borough	51.49679128	-0.093913472	17.DS	S01.17	NULL
156	New Kent Road, The Borough	51.49443626	-0.092921165	18.NKR	S01.18	NULL
61	Great Dover Street, The Borough	51.49738251	-0.089446947	19.GDS	S01.19	NULL
94	Bricklayers Arms, Borough	51.49506109	-0.085814489	20.BA	S01.20	NULL
223	Rodney Road , Walworth	51.49148474	-0.090220911	21.RR	S01.21	NULL
820	Victory Place, Walworth	51.492807	-0.091938	22.VP	S01.22	NULL
725	Walworth Square, Walworth	51.491327	-0.096518684	23.WS	S01.23	NULL
850	Brandon Street, Walworth	51.489102	-0.0915489	24.BS	S01.24	NULL
846	Burgess Park Albany Road, Walworth	51.48224	-0.0942844	25.BPAR	S01.25	NULL
580	Doddington Grove, Kennington	51.48692917	-0.102996299	26.DG	S02.01	NULL
435	Kennington Station, Kennington	51.488852	-0.105593	27.KS	S02.02	NULL
62	Cotton Garden Estate, Kennington	51.4907579	-0.106323685	28.CGE	S02.03	NULL
152	Hampton Street, Walworth	51.49217002	-0.101536865	29.HS	S02.04	NULL
409	Strata, Elephant &amp; Castle	51.493146	-0.099828	30.S	S02.05	NULL
297	Geraldine Street, Elephant &amp; Castle	51.49612799	-0.106000855	31.GS	S02.06	NULL
549	Gaywood  Street, Elephant &amp; Castle	51.49605	-0.104193	32.GS	S02.07	NULL
324	Ontario Street, Elephant &amp; Castle	51.49652013	-0.101384068	33.OS	S02.08	NULL
92	Borough Road, Elephant &amp; Castle	51.49889832	-0.100440521	34.BR	S02.09	NULL
262	LSBU (Borough Road), Elephant &amp; Castle	51.49874469	-0.103132904	35.LBR	S02.10	NULL
80	Webber Street , Southwark	51.50069361	-0.102091246	36.WS	S02.11	NULL
645	Great Suffolk Street, The Borough	51.50173215	-0.100292412	37.GSS	S02.12	NULL
196	Union Street, The Borough	51.50368837	-0.098497684	38.US	S02.13	NULL
194	Hop Exchange, The Borough	51.50462759	-0.091773776	39.HE	S02.14	NULL
732	Duke Street Hill, London Bridge	51.50630441	-0.087262995	40.DSH	S02.15	NULL
10	Park Street, Bankside	51.50597426	-0.092754157	41.PS	S02.16	NULL
9	New Globe Walk, Bankside	51.5073853	-0.096440751	42.NGW	S02.17	NULL
810	Tate Modern, Bankside	51.50672529	-0.098807246	43.TM	S02.18	NULL
193	Bankside Mix, Bankside	51.50581776	-0.100186337	44.BM	S02.19	NULL
803	Southwark Street, Bankside	51.50540994	-0.098341088	45.SS	S02.20	NULL
801	Lavington Street, Bankside	51.50522417	-0.098031812	46.LS	S02.21	NULL
230	Poured Lines, Bankside	51.50669284	-0.103137426	47.PL	S02.22	NULL
839	Sea Containers, South Bank	51.508033	-0.10682363	48.SC	S02.23	NULL
195	Milroy Walk, South Bank	51.50724437	-0.106237501	49.MW	S03.01	NULL
792	Blackfriars Road, Southwark	51.505461	-0.10454093	50.BR	S03.02	NULL
421	Southwark Station 2, Southwark	51.504044	-0.104778	51.SS2	S03.03	NULL
420	Southwark Station 1, Southwark	51.504043	-0.105312	52.SS1	S03.04	NULL
197	Stamford Street, South Bank	51.50556905	-0.111606696	53.SS	S03.05	NULL
173	Waterloo Road, South Bank	51.50486	-0.113001	54.WR	S03.06	NULL
377	Waterloo Bridge, South Bank	51.50535447	-0.113656543	55.WB	S03.07	NULL
273	Belvedere Road 1, South Bank	51.50613324	-0.114686385	56.BR1	S03.08	NULL
819	Belvedere Road 2, South Bank	51.50621	-0.114842	57.BR2	S03.09	NULL
252	Jubilee Gardens, South Bank	51.5046364	-0.116542278	58.JG	S03.10	NULL
334	Concert Hall Approach 1, South Bank	51.505044	-0.115851	59.CHA1	S03.11	NULL
336	Concert Hall Approach 2, South Bank	51.504942	-0.115533	60.CHA2	S03.12	NULL
374	Waterloo Station 1, Waterloo	51.50402794	-0.11386436	61.WS1	S03.13	NULL
361	Waterloo Station 2, Waterloo	51.50391973	-0.11342629	62.WS2	S03.14	NULL
154	Waterloo Station 3, Waterloo	51.50379168	-0.11282408	63.WS3	S03.15	NULL
272	Baylis Road, Waterloo	51.50144456	-0.110699309	64.BR	S03.16	NULL
347	Lower Marsh, Waterloo	51.50013942	-0.113936001	65.LM	S03.17	NULL
815	Lambeth Palace Road, Waterloo	51.5000892	-0.116628701	66.LPR	S03.18	NULL
641	Archbishop's Park, Waterloo	51.49824168	-0.117495865	67.AP	S03.19	NULL
284	Lambeth North Station, Waterloo	51.49914063	-0.112031483	68.LNS	S03.20	NULL
548	Westminster Bridge Road, Elephant &amp; Castle	51.498386	-0.107913	69.WBR	S03.21	NULL
371	King Edward Walk, Waterloo	51.49775	-0.10988	70.KEW	S03.22	NULL
235	Kennington Road  , Vauxhall	51.49571828	-0.110889274	71.KR	S03.23	NULL
91	Walnut Tree Walk, Vauxhall	51.49368637	-0.111014912	72.WTW	S03.24	NULL
441	Sail Street, Vauxhall	51.495656	-0.114605	73.SS	S03.25	NULL
139	Lambeth Road, Vauxhall	51.49488108	-0.117974901	74.LR	S03.26	NULL
117	Lollard Street, Vauxhall	51.49288067	-0.114934001	75.LS	S03.27	NULL
310	Black Prince Road, Vauxhall	51.4908679	-0.116911864	76.BPR	S03.28	NULL
86	Sancroft Street, Vauxhall	51.48947903	-0.115156562	77.SS	S03.29	NULL
144	Kennington Cross, Kennington	51.48894022	-0.111435796	78.KC	S03.30	NULL
412	Cleaver Street, Kennington	51.488105	-0.110121	79.CS	S03.31	NULL
352	Vauxhall Street, Vauxhall	51.486965	-0.116625	80.VS	S03.32	NULL
654	Ashmole Estate, Oval	51.48267821	-0.117661574	81.AE	S03.33	NULL
440	Kennington Oval, Oval	51.483145	-0.113134	82.KO	S03.34	NULL
149	Kennington Road Post Office, Oval	51.48478899	-0.110683213	83.KRPO	S03.35	NULL
827	Cranmer Road, Stockwell	51.479601	-0.11147178	84.CR	S03.36	NULL
603	Caldwell Street, Stockwell	51.477839	-0.116493	85.CS	S04.01	NULL
802	Albert Square, Stockwell	51.47659006	-0.118256789	86.AS	S04.02	NULL
828	Normandy Road, Stockwell	51.473874	-0.11258096	87.NR	S04.03	NULL
829	Wynne Road, Stockwell	51.469217	-0.11268674	88.WR	S04.04	NULL
831	St John's Crescent, Brixton	51.466232	-0.11317995	89.SJC	S04.05	NULL
833	Saltoun Road, Brixton	51.460232	-0.11537509	90.SR	S04.06	NULL
832	Ferndale Road, Brixton	51.464019	-0.11578197	91.FR	S04.07	NULL
830	Sidney Road, Stockwell	51.469202	-0.11902256	92.SR	S04.08	NULL
630	Clarence Walk, Stockwell	51.47073264	-0.126994068	93.CW	S04.09	NULL
814	Clapham Road, Lingham Street, Stockwell	51.47143307	-0.123670736	94.CR	S04.10	NULL
772	Binfield Road, Stockwell	51.47250956	-0.122831913	95.BR	S04.11	NULL
669	Teversham Lane, Stockwell	51.47614939	-0.1232585	96.TL	S04.12	NULL
600	South Lambeth Road, Vauxhall	51.481747	-0.124642	97.SLR	S04.13	NULL
676	Hartington Road, Stockwell	51.47787084	-0.126874471	98.HR	S04.14	NULL
624	Courland Grove, Wandsworth Road	51.4729184	-0.132102704	99.CG	S04.15	NULL
602	Union Grove, Wandsworth Road	51.472993	-0.133972	100.UG	S04.16	NULL
714	Stewart's Road, Wandsworth Road	51.47311696	-0.137235175	101.SR	S04.17	NULL
612	Wandsworth Rd, Isley Court, Wandsworth Road	51.46925984	-0.141812513	102.WR	S04.18	NULL
677	Heath Road, Battersea	51.46866929	-0.146544642	103.HR	S05.01	NULL
670	Ashley Crescent, Battersea	51.46718562	-0.152248582	104.AC	S05.02	NULL
690	Stanley Grove, Battersea	51.47047503	-0.152130083	105.SG	S05.03	NULL
627	Holden Street, Battersea	51.4687905	-0.158230901	106.HS	S05.04	NULL
609	Sugden Road, Clapham	51.46512358	-0.157788279	107.SR	S05.05	NULL
683	Dorothy Road, Clapham Junction	51.46506424	-0.163750945	108.DR	S05.06	NULL
764	St. John's Road, Clapham Junction	51.46239255	-0.16829214	109.SJR	S05.07	NULL
776	Abyssinia Close, Clapham Junction	51.460333	-0.167029	110.AC	S05.08	NULL
777	Limburg Road, Clapham Junction	51.46192307	-0.165297857	111.LR	S05.09	NULL
768	Clapham Common North Side, Clapham Common	51.46134382	-0.159322467	112.CCNS	S05.10	NULL
794	Victoria Rise, Clapham Common	51.461376	-0.14780467	113.VR	S05.11	NULL
355	Clapham Common Station, Clapham Common	51.461388	-0.13922146	114.CCS	S05.12	NULL
808	Gauden Road, Clapham	51.464995	-0.13090885	115.GR	S05.13	NULL
640	Silverthorne Road, Battersea	51.47286577	-0.148059277	116.SR	S05.14	NULL
726	Alfreda Street, Battersea Park	51.47505096	-0.150908371	117.AS	S05.15	NULL
664	Austin Road, Battersea Park	51.474376	-0.155442787	118.AR	S05.16	NULL
756	Prince of Wales Drive, Battersea Park	51.47515398	-0.159169801	119.PoWD	S05.17	NULL
710	Albert Bridge Road, Battersea Park	51.47439218	-0.163347594	120.ABR	S06.01	NULL
750	Culvert Road, Battersea	51.4710956	-0.157850096	121.CR	S06.02	NULL
632	Sheepcote Lane, Battersea	51.47053858	-0.163041605	122.SL	S06.03	NULL
620	Surrey Lane, Battersea	51.47518024	-0.167160736	123.SL	S06.04	NULL
658	Ethelburga Estate, Battersea Park	51.47729232	-0.16478637	124.EE	S06.05	NULL
680	Westbridge Road, Battersea	51.47768469	-0.170329317	125.WR	S06.06	NULL
700	Battersea Church Road, Battersea	51.47696496	-0.174347066	126.BCR	S06.07	NULL
701	Vicarage Crescent, Battersea	51.47287627	-0.176267008	127.VC	S06.08	NULL
679	Orbel Street, Battersea	51.47453545	-0.170210533	128.OS	S06.09	NULL
653	Simpson Street, Clapham Junction	51.47084722	-0.17070367	129.SS	S06.10	NULL
642	Fawcett Close, Battersea	51.46916161	-0.174485792	130.FC	S06.11	NULL
744	Ingrave Street, Clapham Junction	51.46745485	-0.172293499	131.IS	S06.12	NULL
638	Falcon Road, Clapham Junction	51.46663393	-0.169821175	132.FR	S06.13	NULL
735	Grant Road East, Clapham Junction	51.46489445	-0.17302926	133.GRE	S06.14	NULL
734	Plough Terrace, Clapham Junction	51.46230566	-0.175407201	134.PT	S06.15	NULL
637	Spencer Park, Wandsworth Common	51.45787019	-0.174691623	135.SP	S06.16	NULL
689	Spanish Road, Clapham Junction	51.45922541	-0.180884959	136.SR	S06.17	NULL
623	Nantes Close, Wandsworth	51.46193072	-0.180791784	137.NC	S06.18	NULL
673	Hibbert Street, Battersea	51.46517078	-0.18038939	138.HS	S06.19	NULL
675	Usk Road, Clapham Junction	51.46348914	-0.182126248	139.UR	S07.01	NULL
621	Wandsworth Town Station, Wandsworth	51.46086446	-0.187427294	140.WTS	S07.02	NULL
724	Alma Road, Wandsworth	51.45799126	-0.184806157	141.AR	S07.03	NULL
629	Morie Street, Wandsworth	51.45995384	-0.190184054	142.MS	S07.04	NULL
766	Ram Street, Wandsworth	51.45752945	-0.192165613	143.RS	S07.05	NULL
684	Neville Gill Close, Wandsworth	51.45475251	-0.195197203	144.NGC	S07.06	NULL
665	Smugglers Way, Wandsworth	51.46108367	-0.191722864	145.SW	S07.07	NULL
685	Osiers Road, Wandsworth	51.46067005	-0.198735357	146.OR	S07.08	NULL
688	Northfields, Wandsworth	51.46095151	-0.20066766	147.N	S07.09	NULL
767	Santos Road, Wandsworth	51.45705988	-0.200806304	148.SR	S07.10	NULL
704	Mexfield Road, East Putney	51.45682071	-0.202802098	149.MR	S07.11	NULL
705	Upper Richmond Road, Putney	51.45971528	-0.212145939	150.URR	S07.12	NULL
743	Oxford Road, Putney	51.46079243	-0.212607684	151.OR	S07.13	NULL
708	Disraeli Road, Putney	51.46161068	-0.21614583	152.DR	S07.14	NULL
694	Putney Rail Station, Putney	51.46071722	-0.216526155	153.PRS	S07.15	NULL
709	Montserrat Road , Putney	51.46321128	-0.215550761	154.MR	S07.16	NULL
678	Esmond Street, Putney	51.46231278	-0.211468596	155.ES	S07.17	NULL
728	Putney Bridge Road, East Putney	51.46199911	-0.206240805	156.PBR	S07.18	NULL
693	Felsham Road, Putney	51.464786	-0.215618902	157.FR	S07.19	NULL
302	Putney Pier, Wandsworth	51.466907	-0.216573	158.PP	S08.01	NULL
681	Bishop's Avenue, Fulham	51.47303687	-0.214749808	159.BA	S08.02	NULL
727	Chesilton Road, Fulham	51.47569809	-0.20587627	160.CR	S08.03	NULL
671	Parsons Green Station, Parsons Green	51.475089	-0.201968	161.PGS	S08.04	NULL
597	Fulham Park Road, Fulham	51.473471	-0.20782	162.FPR	S08.05	NULL
617	Elysium Place, Fulham	51.47107905	-0.207842908	163.EP	S08.06	NULL
607	Putney Bridge Station, Fulham	51.468814	-0.210279	164.PBS	S08.07	NULL
765	Ranelagh Gardens, Fulham	51.46760141	-0.20682737	165.RG	S08.08	NULL
774	Hurlingham Park, Parsons Green	51.470131	-0.20464	166.HP	S08.09	NULL
596	Parson's Green , Parson's Green	51.472817	-0.199783	167.PG	S08.10	NULL
619	Irene Road, Parsons Green	51.4737636	-0.197010096	168.IR	S08.11	NULL
656	Broomhouse Lane, Parsons Green	51.46841875	-0.199135704	169.BL	S08.12	NULL
648	Peterborough Road, Sands End	51.46904022	-0.19627483	170.PR	S08.13	NULL
636	South Park, Sands End	51.46706414	-0.193502076	171.SP	S08.14	NULL
723	Stephendale Road, Sands End	51.46822047	-0.190346493	172.SR	S08.15	NULL
628	William Morris Way, Sands End	51.46881971	-0.184318843	173.WMW	S08.16	NULL
769	Sandilands Road, Walham Green	51.473611	-0.191803	174.SR	S08.17	NULL
618	Eel Brook Common, Walham Green	51.47625965	-0.193254007	175.EBC	S08.18	NULL
691	Erin Close, Walham Green	51.47946386	-0.195777222	176.EC	S08.19	NULL
737	Fulham Broadway, Walham Green	51.47993289	-0.19411695	177.FB	S08.20	NULL
738	Imperial Road, Sands End	51.47514228	-0.187278987	178.IR	S09.01	NULL
780	Imperial Wharf Station, Sands End	51.474665	-0.18316517	179.IWS	S09.02	NULL
745	Upcerne Road, West Chelsea	51.47816972	-0.18243547	180.UR	S09.03	NULL
746	Lots Road, West Chelsea	51.4795738	-0.17903854	181.LR	S09.04	NULL
610	Danvers Street, West Chelsea	51.48256792	-0.172078187	182.DS	S09.05	NULL
529	Manresa Road, Chelsea	51.486892	-0.170983	183.MR	S09.06	NULL
172	Sumner Place, South Kensington	51.49121192	-0.173715911	184.SP	S09.07	NULL
430	South Parade, Chelsea	51.48902	-0.17524	185.SP	S09.08	NULL
589	Drayton Gardens, West Chelsea	51.487196	-0.179369	186.DG	S09.09	NULL
573	Limerston Street, West Chelsea	51.485587	-0.18119	187.LS	S09.10	NULL
649	World's End Place, West Chelsea	51.48180515	-0.18027465	188.WEP	S09.11	NULL
651	Thorndike Close, West Chelsea	51.48089844	-0.183853573	189.TC	S09.12	NULL
739	Hortensia Road, West Brompton	51.48176572	-0.185273723	190.HR	S09.13	NULL
755	The Vale, Chelsea	51.48512191	-0.174971902	191.TV	S09.14	NULL
662	Phene Street, Chelsea	51.48498496	-0.167919869	192.PS	S09.15	NULL
345	Flood Street, Chelsea	51.48802358	-0.166878535	193.FS	S09.16	NULL
218	St. Luke's Church, Chelsea	51.48971651	-0.170194408	194.SLC	S09.17	NULL
163	Sloane Avenue, Knightsbridge	51.4931848	-0.167894973	195.SA	S09.18	NULL
209	Denyer Street, Knightsbridge	51.49358391	-0.165101392	196.DS	S09.19	NULL
280	Royal Avenue 2, Chelsea	51.490083	-0.162418	197.RA2	S09.20	NULL
250	Royal Avenue 1, Chelsea	51.489932	-0.162727	198.RA1	S09.21	NULL
747	Ormonde Gate, Chelsea	51.48796408	-0.161765173	199.OG	S10.01	NULL
395	Cadogan Gardens, Chelsea	51.492462	-0.159919	200.CG	S10.02	NULL
211	Cadogan Place, Knightsbridge	51.49464523	-0.158105512	201.CP	S10.03	NULL
5	Sedding Street, Sloane Square	51.49313	-0.156876	202.SS	S10.04	NULL
423	Eaton Square (South), Belgravia	51.49456127	-0.15393398	203.ESS	S10.05	NULL
124	Eaton Square, Belgravia	51.49654462	-0.150905245	204.ES	S10.06	NULL
167	Eccleston Place, Victoria	51.49395092	-0.147624377	205.EP	S10.07	NULL
288	Elizabeth Bridge, Victoria	51.49236962	-0.147478734	206.EB	S10.08	NULL
424	Ebury Bridge, Pimlico	51.490491	-0.149186	207.EB	S10.09	NULL
259	Bourne Street, Belgravia	51.490959	-0.1532331	208.BS	S10.10	NULL
419	Chelsea Bridge, Pimlico	51.485821	-0.149004	209.CB	S10.11	NULL
245	Grosvenor Road, Pimlico	51.4853572	-0.142207481	210.GR	S10.12	NULL
291	Claverton Street, Pimlico	51.48483991	-0.138089062	211.CS	S10.13	NULL
800	Sopwith Way, Battersea Park	51.48112194	-0.149035375	212.SW	S10.14	NULL
821	Battersea Power Station, Battersea Park	51.48350749	-0.147714557	213.BPS	S10.15	NULL
625	Queen's Circus, Battersea Park	51.47761941	-0.149551631	214.QC	S10.16	NULL
834	Gas Holders, Battersea Park	51.477966	-0.14785703	215.GH	S10.17	NULL
631	Battersea Park Road, Nine Elms	51.4795017	-0.141770709	216.BPR	S10.18	NULL
817	Riverlight South, Nine Elms	51.48133547	-0.138212296	217.RS	S10.19	NULL
183	Riverlight North, Nine Elms	51.482362	-0.13612398	218.RN	S10.20	NULL
74	Vauxhall Cross, Vauxhall	51.48591714	-0.124469948	219.VC	S10.21	NULL
270	Kennington Lane Rail Bridge, Vauxhall	51.4863434	-0.122492418	220.KLRB	S11.01	NULL
813	New Spring Gardens Walk, Vauxhall	51.48780745	-0.122759626	221.NSGW	S11.02	NULL
437	Vauxhall Walk, Vauxhall	51.488124	-0.120903	222.VW	S11.03	NULL
100	Albert Embankment, Vauxhall	51.49043573	-0.122806861	223.AE	S11.04	NULL
387	Fire Brigade Pier, Vauxhall	51.49369988	-0.121394101	224.FBP	S11.05	NULL
146	Vauxhall Bridge , Pimlico	51.48836528	-0.129361842	225.VB	S11.06	NULL
190	Rampayne Street, Pimlico	51.48997562	-0.132845681	226.RS	S11.07	NULL
294	St. George's Square, Pimlico	51.488226	-0.135635511	226A.SGS	S11.07A	NULL
185	Alderney Street, Pimlico	51.48805753	-0.140741432	227.AS	S11.08	NULL
178	Warwick Square, Pimlico	51.48985626	-0.141923621	228.WS	S11.09	NULL
243	Gloucester Street, Pimlico	51.49096258	-0.139625122	229.GS	S11.10	NULL
268	Belgrave Road, Victoria	51.49320445	-0.144132875	230.BR	S11.11	NULL
161	Guildhouse Street, Victoria	51.49234577	-0.141334487	231.GS	S11.12	NULL
320	Queen Mother Sports Centre, Victoria	51.49357351	-0.139956043	232.QMSC	S11.13	NULL
148	Tachbrook Street, Victoria	51.49211134	-0.138364847	233.TS	S11.14	NULL
299	Vincent Square, Westminster	51.49398524	-0.136928582	234.VS	S11.15	NULL
353	Greycoat Street , Westminster	51.49459148	-0.134234258	235.GS	S11.16	NULL
267	Regency Street, Westminster	51.49206037	-0.132224622	236.RS	S11.17	NULL
426	Vincent Street, Pimlico	51.493072	-0.129925	237.VS	S11.18	NULL
376	Millbank Tower, Pimlico	51.49188409	-0.125674815	238.MT	S11.19	NULL
583	Abingdon Green, Westminster	51.49764	-0.12597218	239.AG	S11.20	NULL
281	Smith Square, Westminster	51.49580589	-0.127575233	240.SS	S11.21	NULL
558	Page Street, Westminster	51.493978	-0.127554	241.PS	S11.22	NULL
221	Horseferry Road, Westminster	51.49481649	-0.13045856	242.HR	S11.23	NULL
118	Rochester Row, Westminster	51.49582705	-0.13547809	243.RR	S11.24	NULL
799	Kings Gate House, Westminster	51.49769846	-0.137598896	244.KGH	S11.25	NULL
360	Howick Place, Westminster	51.49675303	-0.138733562	245.HP	S11.26	NULL
177	Ashley Place, Victoria	51.49616092	-0.140947636	246.AP	S11.27	NULL
826	Allington Street, Victoria	51.496863	-0.1429434	247.AS	S11.28	NULL
316	Warwick Row, Westminster	51.497998	-0.14296064	248.WR	S11.29	NULL
646	Buckingham Gate, Westminster	51.49886563	-0.137424571	249.BG	S11.30	NULL
359	Butler Place, Westminster	51.49782999	-0.135440826	250.BP	S12.01	NULL
108	Abbey Orchard Street, Westminster	51.49812559	-0.132102166	251.AOS	S12.02	NULL
762	Storey's Gate, Westminster	51.50070305	-0.129698963	252.SG	S12.03	NULL
818	Westminster Pier, Westminster	51.501513	-0.12382322	253.WP	S12.04	NULL
229	Whitehall Place, Strand	51.50654321	-0.123179697	254.WP	S12.05	NULL
341	Craven Street, Strand	51.50810309	-0.12602103	255.CS	S12.06	NULL
354	Northumberland Avenue, Strand	51.506767	-0.123702	256.NA	S12.07	NULL
309	Embankment (Savoy), Strand	51.50963123	-0.119047563	257.ES	S12.08	NULL
564	Somerset House, Strand	51.509943	-0.117619	258.SH	S12.09	NULL
174	Strand, Strand	51.512582	-0.1150573	259.S	S12.10	NULL
256	Houghton Street, Strand	51.51362054	-0.116764211	FIN.HS	S12.11	NULL
668	Ravenscourt Park Station, Hammersmith	51.49422354	-0.236769936	1.RPS	W01.01	NULL
598	Southerton Road, Hammersmith	51.494499	-0.228188	2.SR	W01.02	NULL
730	Bridge Avenue, Hammersmith	51.49208492	-0.229116862	3.BA	W01.03	NULL
682	Crisp Road, Hammersmith	51.48810829	-0.22660621	4.CR	W01.04	NULL
686	Beryl Road, Hammersmith	51.48814438	-0.222456468	5.BR	W01.05	NULL
599	Manbre Road, Hammersmith	51.485743	-0.223616	6.MR	W01.06	NULL
644	Rainville Road, Hammersmith	51.48373225	-0.223852256	7.RR	W01.07	NULL
655	Crabtree Lane, Fulham	51.48294452	-0.219346128	8.CL	W01.08	NULL
615	Finlay Street, Fulham	51.4768851	-0.215895601	9.FS	W01.09	NULL
729	St. Peter's Terrace, Fulham	51.47893931	-0.208485293	10.SPT	W01.10	NULL
616	Aintree Street, Fulham	51.48102131	-0.209973497	11.AS	W01.11	NULL
711	Everington Street, Fulham	51.48335692	-0.216305546	12.ES	W01.12	NULL
761	Humbolt Road, Fulham	51.48321729	-0.211860644	13.HR	W01.13	NULL
626	Normand Park, West Kensington	51.48438657	-0.20481514	14.NP	W01.14	NULL
639	Coomer Place, West Kensington	51.48357068	-0.202038682	15.CP	W01.15	NULL
782	Halford Road, West Kensington	51.483911	-0.19760944	16.HR	W01.16	NULL
720	Star Road, West Kensington	51.48724429	-0.205279052	17.SR	W01.17	NULL
635	Greyhound Road, Hammersmith	51.48606206	-0.214428378	18.GR	W01.18	NULL
696	Charing Cross Hospital, Hammersmith	51.48728535	-0.217995921	19.CCH	W01.19	NULL
707	Barons Court Station, West Kensington	51.49021762	-0.215087092	20.BCS	W01.20	NULL
633	Vereker Road, West Kensington	51.48959104	-0.209378594	21.VR	W02.01	NULL
660	West Kensington Station, West Kensington	51.49087074	-0.206029743	22.WKS	W02.02	NULL
770	Gwendwr Road, West Kensington	51.491026	-0.209121	23.GR	W02.03	NULL
608	Colet Gardens, Hammersmith	51.491093	-0.216493	24.CG	W02.04	NULL
595	Hammersmith Road, Hammersmith	51.493267	-0.21985	25.HR	W02.05	NULL
634	Brook Green South, Brook Green	51.49434708	-0.215804559	26.BGS	W02.06	NULL
525	Blythe Road, Olympia	51.496927	-0.21350087	27.BR	W02.07	NULL
775	Little Brook Green, Brook Green	51.496664	-0.223868	28.LBG	W02.08	NULL
667	Shepherd's Bush Road North, Shepherd's Bush	51.5015946	-0.222293381	29.SBRN	W02.09	NULL
657	Blythe Road West, Shepherd's Bush	51.49968	-0.221791551	30.BRW	W02.10	NULL
647	Richmond Way, Shepherd's Bush	51.50035306	-0.217515071	31.RW	W02.11	NULL
527	Hansard Mews, Holland Park	51.503802	-0.215808	32.HM	W02.12	NULL
613	Woodstock Grove, Shepherd's Bush	51.50403821	-0.217400093	33.WG	W02.13	NULL
571	Westfield Southern Terrace ,Shepherd's Bush	51.506256	-0.218337	34.WST	W02.14	NULL
566	Westfield Ariel Way, White City	51.509158	-0.224103	35.WAW	W02.15	NULL
601	BBC White City, White City	51.514767	-0.225787	36.BWC	W02.16	NULL
771	Rifle Place, Avondale	51.509224	-0.216016	37.RP	W02.17	NULL
736	Queensdale Road, Shepherd's Bush	51.50659035	-0.216104479	38.QR	W03.01	NULL
652	Evesham Street, Avondale	51.51148696	-0.218190203	39.ES	W03.02	NULL
741	Freston Road, Avondale	51.5129814	-0.219486603	40.FR	W03.03	NULL
650	St. Mark's Road, North Kensington	51.51687069	-0.213872396	41.SMR	W03.04	NULL
807	Bevington Road West, North Kensington	51.5212	-0.208888173	42.BRW	W03.05	NULL
643	All Saints' Road, Portobello	51.5190427	-0.204764421	43.ASR	W03.06	NULL
805	The Metropolitan, Portobello	51.520509	-0.20080483	44.TM	W03.07	NULL
758	Westbourne Park Road, Portobello	51.51787005	-0.201005397	45.WPR	W03.08	NULL
661	All Saints Church, Portobello	51.51632095	-0.202608612	46.ASC	W03.09	NULL
742	Blenheim Crescent, Ladbroke Grove	51.51510818	-0.208565479	47.BC	W03.10	NULL
663	Clarendon Road, Avondale	51.51323001	-0.211593602	48.CR	W03.11	NULL
754	Grenfell Road, Avondale	51.5129006	-0.214762686	49.GR	W03.12	NULL
740	Sirdar Road, Avondale	51.51092871	-0.214594781	50.SR	W03.13	NULL
442	Walmer Road, Avondale	51.510101	-0.211358	51.WR	W03.14	NULL
611	Princedale Road , Holland Park	51.50646524	-0.208486599	52.PR	W03.15	NULL
622	Lansdowne Road, Ladbroke Grove	51.50748124	-0.205535908	53.LR	W03.16	NULL
543	Lansdowne Walk, Ladbroke Grove	51.509591	-0.204666	54.LW	W03.17	NULL
560	Ladbroke Grove Central, Ladbroke Grove	51.511624	-0.205921	55.LGC	W03.18	NULL
151	Chepstow Villas, Notting Hill	51.51213691	-0.201554966	56.CV	W03.19	NULL
379	Turquoise Island, Notting Hill	51.51431171	-0.200838199	57.TI	W03.20	NULL
176	Gloucester Terrace, Bayswater	51.51791921	-0.188098863	58.GT	W03.21	NULL
164	Cleveland Gardens, Bayswater	51.515607	-0.183118788	59.CG	W04.01	NULL
397	Devonshire Terrace, Bayswater	51.51348	-0.17977	60.DT	W04.02	NULL
330	Eastbourne Mews, Paddington	51.51641749	-0.179135079	61.EM	W04.03	NULL
165	Orsett Terrace, Bayswater	51.517932	-0.183716959	62.OT	W04.04	NULL
592	Bishop's Bridge Road East, Bayswater	51.5171	-0.18377	63.BBRE	W04.05	NULL
568	Bishop's Bridge Road West, Bayswater	51.51616	-0.18697	64.BBRW	W04.06	NULL
105	Westbourne Grove, Bayswater	51.51552971	-0.190240716	65.WG	W04.07	NULL
29	Hereford Road, Bayswater	51.513735	-0.193487	66.HR	W04.08	NULL
261	Princes Square, Bayswater	51.5134891	-0.191351186	67.PS	W04.09	NULL
584	Ilchester Gardens, Bayswater	51.51244	-0.19096	68.IG	W04.10	NULL
337	Pembridge Villas, Notting Hill	51.51108452	-0.197524944	69.PV	W04.11	NULL
225	Notting Hill Gate Station, Notting Hill	51.50935342	-0.196422	70.NHGS	W04.12	NULL
333	Palace Gardens Terrace, Notting Hill	51.50860544	-0.193764092	71.PGT	W04.13	NULL
212	Campden Hill Road, Notting Hill	51.50658458	-0.199004026	72.CHR	W04.14	NULL
103	Vicarage Gate, Kensington	51.50472376	-0.192538767	73.VG	W04.15	NULL
277	Kensington Church Street, Kensington	51.50315739	-0.191496313	74.KCS	W04.16	NULL
133	Derry Street, Kensington	51.50136494	-0.191462381	75.DS	W04.17	NULL
157	Wright's Lane, Kensington	51.50039792	-0.193068385	76.WL	W04.18	NULL
168	Argyll Road, Kensington	51.50040123	-0.195455928	77.AR	W04.19	NULL
375	Kensington Town Hall, Kensington	51.50194596	-0.194392952	78.KTH	W04.20	NULL
2	Phillimore Gardens, Kensington	51.49960695	-0.197574246	79.PG	W04.21	NULL
398	Holland Park, Kensington	51.502319	-0.200742	80.HP	W04.22	NULL
145	Ilchester Place, Kensington	51.50074359	-0.202759212	81.IP	W04.23	NULL
559	Abbotsbury Road, Holland Park	51.501391	-0.205991	82.AR	W04.24	NULL
606	Addison Road, Holland Park	51.504199	-0.210941	83.AR	W04.25	NULL
515	Russell Gardens, Olympia	51.500088	-0.211316	84.RG	W04.26	NULL
293	Kensington Olympia Station, Olympia	51.49815779	-0.209494128	85.KOS	W05.01	NULL
274	Warwick Road, Olympia	51.49671237	-0.20528437	86.WR	W05.02	NULL
38	Abingdon Villas, Kensington	51.4973875	-0.197245586	87.AV	W05.03	NULL
384	Marloes Road, Kensington	51.496481	-0.192404	88.MR	W05.04	NULL
155	Lexham Gardens, Kensington	51.49586666	-0.191933711	89.LG	W05.05	NULL
142	West Cromwell Road, Earl's Court	51.49372451	-0.198286569	90.WCR	W05.06	NULL
158	Trebovir Road, Earl's Court	51.49085368	-0.196170309	91.TR	W05.07	NULL
332	Nevern Place, Earl's Court	51.49334336	-0.194757949	92.NP	W05.08	NULL
37	Penywern Road, Earl's Court	51.49159394	-0.192369256	93.PR	W05.09	NULL
219	Bramham Gardens, Earl's Court	51.49016361	-0.19039362	94.BG	W05.10	NULL
757	Harcourt Terrace, West Brompton	51.48795853	-0.187404506	95.HT	W05.11	NULL
216	Old Brompton Road, South Kensington	51.49094565	-0.181190899	96.OBR	W05.12	NULL
171	Collingham Gardens, Earl's Court	51.4916156	-0.186753859	97.CG	W05.13	NULL
296	Knaresborough Place, Earl's Court	51.49363156	-0.190603326	98.KP	W05.14	NULL
405	Gloucester Road Station, South Kensington	51.49418566	-0.18267094	99.GRS	W05.15	NULL
128	Emperor's Gate, South Kensington	51.49536226	-0.185296516	100.EG	W05.16	NULL
113	Gloucester Road (Central), South Kensington	51.49646288	-0.183289032	101.GRC	W05.17	NULL
97	Gloucester Road (North), Kensington	51.49792478	-0.183834706	102.GRN	W05.18	NULL
36	De Vere Gardens, Kensington	51.50173726	-0.184980612	103.DVG	W05.19	NULL
404	Palace Gate, Kensington Gardens	51.50204238	-0.184400221	104.PG	W05.20	NULL
307	Black Lion Gate, Kensington Gardens	51.50990837	-0.187842717	105.BLG	W05.21	NULL
224	Queensway, Kensington Gardens	51.51031	-0.18740235	106.Q	W05.22	NULL
524	Lancaster Gate , Bayswater	51.511654	-0.179668	107.LG	W06.01	NULL
153	Bayswater Road, Hyde Park	51.511933	-0.174411	108.BR	W06.02	NULL
752	London Street, Paddington	51.515117	-0.17371276	109.LS	W06.03	NULL
265	Southwick Street, Paddington	51.51595344	-0.169249375	110.SS	W06.04	NULL
290	St Mary's Hospital, Paddington	51.518268	-0.17110323	111.SMH	W06.05	NULL
186	South Wharf Road, Paddington	51.51733558	-0.175810943	112.SWR	W06.06	NULL
279	North Wharf Road, Paddington	51.51862243	-0.176645823	113.NWR	W06.07	NULL
370	Paddington Green, Paddington	51.520205	-0.174593	114.PG	W06.08	NULL
47	Warwick Avenue Station, Maida Vale	51.52334476	-0.183846408	115.WAS	W06.09	NULL
255	Clifton Road, Maida Vale	51.52557531	-0.179592915	116.CR	W06.10	NULL
8	Maida Vale, Maida Vale	51.529857	-0.18348604	117.MV	W06.11	NULL
312	Grove End Road, St. John's Wood	51.53088935	-0.176770502	118.GER	W06.12	NULL
110	Wellington Road, St. John's Wood	51.53304322	-0.172528678	119.WR	W06.13	NULL
247	St. John's Wood Church, The Regent's Park	51.530529	-0.167515	120.SJWC	W06.14	NULL
590	Greenberry Street, St.John's Wood	51.53256	-0.16862	121.GS	W06.15	NULL
7	Charlbert Street, St. John's Wood	51.53430039	-0.1680743	122.CS	W06.16	NULL
329	Prince Albert Road, The Regent's Park	51.53589283	-0.160854428	123.PAR	W06.17	NULL
271	London Zoo,  The Regent's Park	51.53583617	-0.156285395	124.LZ	W07.01	NULL
343	London Zoo Car Park, The Regent's Park	51.53692216	-0.150181444	125.LZCP	W07.02	NULL
315	The Tennis Courts, The Regent's Park	51.52536703	-0.153463612	126.TTC	W07.03	NULL
114	Park Road (Baker Street), The Regent's Park	51.52451738	-0.158963647	127.PRBS	W07.04	NULL
759	Broadley Terrace, Marylebone	51.52456169	-0.165668686	128.BT	W07.05	NULL
208	Mallory Street, Marylebone	51.52505151	-0.166304359	129.MS	W07.06	NULL
60	Lisson Grove, St. John's Wood	51.52644828	-0.172190727	130.LG	W07.07	NULL
286	St. John's Wood Road, St. John's Wood	51.5272947	-0.174653609	131.SJWR	W07.08	NULL
394	Aberdeen Place, St. John's Wood	51.524826	-0.176268	132.AP	W07.09	NULL
238	Frampton Street, Paddington	51.5233534	-0.175116099	133.FS	W07.10	NULL
402	Penfold Street, Marylebone	51.52289229	-0.171681991	134.PS	W07.11	NULL
410	Edgware Road Station, Marylebone	51.519968	-0.169774	135.ERS	W07.12	NULL
188	Nutford Place, Marylebone	51.5165179	-0.164393768	136.NP	W07.13	NULL
367	Harrowby Street, Marylebone	51.5173721	-0.1642075	137.HS	W07.14	NULL
396	Shouldham Street, Marylebone	51.51809	-0.163609	138.SS	W07.15	NULL
169	Porchester Place, Paddington	51.51474612	-0.165164288	139.PP	W07.16	NULL
99	Old Quebec Street, Marylebone	51.51457763	-0.158264483	140.OQS	W07.17	NULL
138	Green Street, Mayfair	51.51227622	-0.157436972	141.GS	W07.18	NULL
180	North Audley Street, Mayfair	51.5129118	-0.153645496	142.NAS	W07.19	NULL
348	Grosvenor Square, Mayfair	51.51217033	-0.150481272	143.GS	W07.20	NULL
366	Millennium Hotel, Mayfair	51.5109193	-0.151126385	144.MH	W07.21	NULL
389	Upper Grosvenor Street, Mayfair	51.51013066	-0.155757901	145.UGS	W07.22	NULL
111	Park Lane , Hyde Park	51.5100172	-0.157275636	146.PL	W08.01	NULL
248	Triangle Car Park, Hyde Park	51.50645179	-0.170279555	147.TCP	W08.02	NULL
300	Serpentine Car Park, Hyde Park	51.505014	-0.17306032	148.SCP	W08.03	NULL
258	Kensington Gore, Knightsbridge	51.50143293	-0.178656971	149.KG	W08.04	NULL
350	Queen's Gate, Kensington Gardens	51.50171544	-0.179854184	150.QG	W08.05	NULL
266	Queen's Gate (North), Kensington	51.50102668	-0.180246101	151.QGN	W08.06	NULL
392	Imperial College, Knightsbridge	51.49942855	-0.179702476	152.IC	W08.07	NULL
373	Prince Consort Road, Knightsbridge	51.49980661	-0.176415994	153.PCR	W08.08	NULL
428	Exhibition Road, Knightsbridge	51.499917	-0.174554	154.ER	W08.09	NULL
432	Exhibition Road Museums 1, South Kensington	51.496468	-0.17379696	155.ERM1	W08.10	NULL
482	Exhibition Road Museums 2, South Kensington	51.495947	-0.17368958	156.ERM2	W08.11	NULL
356	South Kensington Station, South Kensington	51.494412	-0.173881	157.SKS	W08.12	NULL
187	Queen's Gate (South), South Kensington	51.49247977	-0.178433004	158.QGS	W08.13	NULL
231	Queen's Gate (Central), South Kensington	51.49396755	-0.17873226	159.QGC	W08.14	NULL
378	Natural History Museum, South Kensington	51.49559291	-0.179077626	160.NHM	W08.15	NULL
781	Victoria &amp; Albert Museum, South Kensington	51.495898	-0.173009	161.VAM	W08.16	NULL
150	Holy Trinity Brompton, Knightsbridge	51.49705603	-0.168917077	162.HTB	W08.17	NULL
292	Montpelier Street, Knightsbridge	51.49888404	-0.165471605	163.MS	W08.18	NULL
143	Pont Street, Knightsbridge	51.4968865	-0.161203828	164.PS	W08.19	NULL
368	Harriet Street, Knightsbridge	51.50024195	-0.15934065	165.HS	W08.20	NULL
166	Seville Street, Knightsbridge	51.50185512	-0.159237081	166.SS	W08.21	NULL
303	Albert Gate, Hyde Park	51.50295379	-0.158456089	167.AG	W08.22	NULL
222	Knightsbridge, Hyde Park	51.50275704	-0.155349725	168.K	W08.23	NULL
191	Hyde Park Corner, Hyde Park	51.50311799	-0.153520935	169.HPC	W08.24	NULL
207	Grosvenor Crescent, Belgravia	51.50135267	-0.153194766	170.GC	W08.25	NULL
181	Belgrave Square, Belgravia	51.49941247	-0.152317537	171.BS	W08.26	NULL
213	Wellington Arch, Hyde Park	51.50274025	-0.149569201	172.WA	W08.27	NULL
53	Grafton Street, Mayfair	51.5099923	-0.143495266	173.GS	W09.01	NULL
541	Green Park Station, Mayfair	51.506613	-0.142844	174.GPS	W09.02	NULL
528	Clarges Street, Mayfair	51.507326	-0.145827	175.CS	W09.03	NULL
49	Curzon Street, Mayfair	51.50706909	-0.145904427	176.CS	W09.04	NULL
733	Park Lane, Mayfair	51.50542628	-0.150817316	177.PL	W09.05	NULL
380	Stanhope Gate, Mayfair	51.50686435	-0.150666888	178.SG	W09.06	NULL
289	South Audley Street, Mayfair	51.50923022	-0.151296092	179.SAS	W09.07	NULL
382	Farm Street, Mayfair	51.50935171	-0.14744969	180.FS	W09.08	NULL
44	Bruton Street, Mayfair	51.51073687	-0.144165239	181.BS	W09.09	NULL
349	St. George Street, Mayfair	51.51196	-0.142783033	182.SGS	W09.10	NULL
318	Sackville Street, Mayfair	51.51004801	-0.138846453	183.SS	W09.11	NULL
116	Little Argyll Street, West End	51.51449962	-0.141423695	184.LAS	W09.12	NULL
106	Woodstock Street, Mayfair	51.51410514	-0.147301667	185.WS	W09.13	NULL
301	Marylebone Lane, Marylebone	51.51475963	-0.148105415	186.ML	W09.14	NULL
141	Chapel Place, Marylebone	51.51530805	-0.147203711	187.CP	W09.15	NULL
210	Hinde Street, Marylebone	51.51681444	-0.151926305	188.HS	W09.16	NULL
514	Portman Square, Marylebone	51.516204	-0.155525	189.PS	W09.17	NULL
403	George Place Mews, Marylebone	51.51689296	-0.158249929	190.GPM	W09.18	NULL
400	George Street, Marylebone	51.517703	-0.154106	191.GS	W09.19	NULL
121	Baker Street, Marylebone	51.51891348	-0.156166631	192.BS	W09.20	NULL
56	Paddington Street, Marylebone	51.52058381	-0.154701411	193.PS	W09.21	NULL
242	Beaumont Street, Marylebone	51.52200801	-0.151359288	194.BS	W09.22	NULL
257	Westminster University, Marylebone	51.52248185	-0.154907218	195.WU	W10.01	NULL
43	Crawford Street, Marylebone	51.52026	-0.157183945	196.CS	W10.02	NULL
605	Seymour Place, Marylebone	51.520331	-0.163667	197.SP	W10.03	NULL
182	Bell Street , Marylebone	51.52202903	-0.165842551	198.BS	W10.04	NULL
45	Boston Place, Marylebone	51.522511	-0.162298	199.BP	W10.05	NULL
201	Dorset Square, Marylebone	51.5225965	-0.161113413	200.DS	W10.06	NULL
76	Longford Street, The Regent's Park	51.52559505	-0.144083893	201.LS	W10.07	NULL
540	Albany Street, The Regent's Park	51.528302	-0.144466	202.AS	W10.08	NULL
535	Gloucester Avenue, Camden Town	51.537349	-0.147154	203.GA	W10.09	NULL
456	Parkway, Camden Town	51.538071	-0.144664	204.P	W10.10	NULL
572	Greenland Road, Camden Town	51.539099	-0.141728	205.GR	W10.11	NULL
713	Hawley Crescent, Camden Town	51.54100708	-0.14326094	206.HC	W10.12	NULL
545	Arlington Road, Camden Town	51.539957	-0.145246	207.AR	W10.13	NULL
457	Castlehaven Road, Camden Town	51.542138	-0.145393	208.CR	W10.14	NULL
462	Bonny Street, Camden Town	51.541603	-0.138853	209.BS	W10.15	NULL
604	St Martins Close, Camden Town	51.538792	-0.138535	210.SMC	W10.16	NULL
362	Royal College Street, Camden Town	51.536264	-0.133952	211.RCS	W10.17	NULL
90	Harrington Square 1, Camden Town	51.53301907	-0.139174593	212.HS1	W10.18	NULL
131	Eversholt Street , Camden Town	51.53300545	-0.136792671	213.ES	W10.19	NULL
25	Doric Way , Somers Town	51.5288338	-0.132250369	214.DW	W10.20	NULL
214	Endsleigh Gardens, Euston	51.52683806	-0.130504336	215.EG	W11.01	NULL
65	Gower Place , Euston	51.52522753	-0.13518856	216.GP	W11.02	NULL
239	Warren Street Station, Euston	51.52443845	-0.138019439	217.WSS	W11.03	NULL
357	Howland Street, Fitzrovia	51.520994	-0.139016	218.HS	W11.04	NULL
81	Great Titchfield Street, Fitzrovia	51.52025302	-0.141327271	219.GTS	W11.05	NULL
311	Foley Street, Fitzrovia	51.51918144	-0.140485596	220.FS	W11.06	NULL
6	Broadcasting House, Marylebone	51.51811784	-0.144228881	221.BH	W11.07	NULL
581	New Cavendish Street, Marylebone	51.519167	-0.147983	222.NCS	W11.08	NULL
184	Portland Place, Marylebone	51.52071513	-0.14521173	223.PP	W11.09	NULL
28	Bolsover Street, Fitzrovia	51.52351808	-0.143613641	224.BS	W11.10	NULL
98	Hampstead Road, Euston	51.52554222	-0.138231303	225.HR	W11.11	NULL
20	Drummond Street , Euston	51.527326	-0.13605286	226.DS	W11.12	NULL
69	Euston Road, Euston	51.5262363	-0.134407652	227.ER	W11.13	NULL
795	Euston Square Gardens, Euston	51.527068	-0.13186102	228.ESG	W11.14	NULL
19	Taviton Street, Bloomsbury	51.52505093	-0.131161087	229.TS	W11.15	NULL
287	Bedford Way, Bloomsbury	51.52367314	-0.128377673	230.BW	W11.16	NULL
12	Malet Street, Bloomsbury	51.52168078	-0.130431727	231.MS	W11.17	NULL
364	Store Street, Bloomsbury	51.519572	-0.13214036	232.SS	W11.18	NULL
88	Bayley Street , Bloomsbury	51.51858757	-0.132053392	233.BS	W11.19	NULL
306	Rathbone Street, Fitzrovia	51.51816295	-0.135025698	234.RS	W11.20	NULL
381	Charlotte Street, Fitzrovia	51.51953043	-0.13577731	235.CS	W11.21	NULL
13	Scala Street, Fitzrovia	51.51991453	-0.136039674	236.SS	W11.22	NULL
313	Wells Street, Fitzrovia	51.51734403	-0.138072691	237.WS	W11.23	NULL
15	Great Russell Street, Bloomsbury	51.51772703	-0.127854211	238.GRS	W11.24	NULL
24	British Museum, Bloomsbury	51.51908011	-0.124678402	239.BM	W12.01	NULL
562	Bury Place, Holborn	51.51746	-0.12335	240.BP	W12.02	NULL
162	Southampton Place, Holborn	51.51760685	-0.121328408	241.SP	W12.03	NULL
751	Newton Street, Covent Garden	51.51612862	-0.120909408	242.NS	W12.04	NULL
18	Drury Lane, Covent Garden	51.51477076	-0.12221963	243.DL	W12.05	NULL
358	High Holborn , Covent Garden	51.516226	-0.124826	244.HH	W12.06	NULL
244	Earnshaw Street , Covent Garden	51.51611887	-0.128585022	245.ES	W12.07	NULL
109	Soho Square , Soho	51.51563144	-0.132328837	246.SS	W12.08	NULL
383	Frith Street, Soho	51.51310333	-0.13121385	247.FS	W12.09	NULL
386	Moor Street, Soho	51.51352755	-0.130110822	248.MS	W12.10	NULL
192	Wardour Street, Soho	51.51251523	-0.133201961	249.WS	W12.11	NULL
260	Broadwick Street, Soho	51.5136846	-0.135580879	250.BS	W12.12	NULL
129	Golden Square, Soho	51.5118973	-0.137043852	251.GS	W12.13	NULL
83	Panton Street, West End	51.50963938	-0.131510949	252.PS	W12.14	NULL
226	Charles II Street, West End	51.50844614	-0.131961389	253.CIS	W12.15	NULL
228	St. James's Square, St. James's	51.50742485	-0.134621209	254.SJS	W12.16	NULL
160	Waterloo Place, St. James's	51.50663341	-0.131773845	255.WP	W12.17	NULL
233	Pall Mall East, West End	51.50777049	-0.130699733	256.PME	W12.18	NULL
325	St. Martin's Street, West End	51.50908747	-0.129697889	257.SMS	W12.19	NULL
64	William IV Street, Strand	51.50946212	-0.124749274	258.WIS	W12.20	NULL
388	Southampton Street, Strand	51.51070161	-0.121723604	259.SS	W12.21	NULL
338	Wellington Street , Strand	51.51175646	-0.119643424	260.WS	W12.22	NULL
335	Tavistock Street, Covent Garden	51.51196803	-0.120718759	261.TS	W12.23	NULL
283	Kingsway, Covent Garden	51.51440928	-0.118478757	262.K	W12.24	NULL
594	Kingsway Southbound, Strand	51.513875	-0.117774	263.KS	W12.25	NULL
200256	Houghton Street, Strand	51.5136205	-0.1167642	FIN.HS	W12.26	NULL
